{
  "IsolationForest": 0.4469093749046508,
  "OneClassSVM": -0.06358797757943353,
  "KMeans": 3.698329143576899,
  "LOF": 1.3258490034934094,
  "GMM": 0.9768130224434194,
  "EllipticEnvelope": 3912349671.267801,
  "PCA": 0.06565111632061299,
  "DBSCAN": 0.8825666541320754,
  "ECOD": 30.78283388431173,
  "COPOD": 27.23645499427735,
  "HBOS": 19.600177593147578,
  "CBLOF": 2.8478390523544226,
  "ABOD": -0.26959300581789325,
  "COF": 1.2845263895503531,
  "SOD": 0.08875219234115171,
  "SOS": 0.5853612971182914,
  "LODA": 0.03057465355860263,
  "INNE": 0.8350273343770441,
  "LMDD": 283.3485564109059
}